Workbook

Sheet OutOfStock
B1: วัตถุดิบต้องซื้อ | C1: Price
B2: {=_xlfn._xlws.FILTER(Ingredient!E2:E85,Ingredient!I2:I85=0)} -> น้ำปลา | C2: =VLOOKUP(B2,Ingredient!E:K,7,FALSE) -> 30
B3: ซีอิ๊วขาว | C3: =VLOOKUP(B3,Ingredient!E:K,7,FALSE) -> 40
B4: ซีอิ๊วดำ / ซีอิ๊วหวาน | C4: =VLOOKUP(B4,Ingredient!E:K,7,FALSE) -> 30
B5: ซอสหอยนางรม | C5: =VLOOKUP(B5,Ingredient!E:K,7,FALSE) -> 40
B6: น้ำส้มสายชู | C6: =VLOOKUP(B6,Ingredient!E:K,7,FALSE) -> 10
B7: ซอสปรุงรสฝาเขียว | C7: =VLOOKUP(B7,Ingredient!E:K,7,FALSE) -> 20
B8: ซอสญี่ปุ่น | C8: =VLOOKUP(B8,Ingredient!E:K,7,FALSE) -> 0
B9: น้ำตาลทราย | C9: =VLOOKUP(B9,Ingredient!E:K,7,FALSE) -> 0
B10: น้ำตาลปี๊บ / น้ำตาลมะพร้าว | C10: =VLOOKUP(B10,Ingredient!E:K,7,FALSE) -> 0
B11: น้ำตาลกรวด | C11: =VLOOKUP(B11,Ingredient!E:K,7,FALSE) -> 0
B12: น้ำตาลทรายแดง | C12: =VLOOKUP(B12,Ingredient!E:K,7,FALSE) -> 0
B13: ผงชูรส | C13: =VLOOKUP(B13,Ingredient!E:K,7,FALSE) -> 0
B14: ผงพะโล้ | C14: =VLOOKUP(B14,Ingredient!E:K,7,FALSE) -> 0
... B41: น้ำพริกเผา | C41: =VLOOKUP(B41,Ingredient!E:K,7,FALSE) -> 0

Sheet Ingredient
E1: วัตถุดิบ | F1: Ingredient | H1: In Use | I1: Stock | J1: Unit | K1: Price
A2: =INDEX(Classify!C:C,MATCH(Ingredient!B2,Classify!A:A,0)) -> LSS | B2: 001 | C2: 1 | D2: =_xlfn.TEXTJOIN("_",FALSE,A2,B2,C2,) -> LSS_001_1_ | E2: น้ำปลา | F2: Fish Sauce | H2: 1 | I2: 0 | K2: 30
A3: =INDEX(Classify!C:C,MATCH(Ingredient!B3,Classify!A:A,0)) -> LSS | B3: 001 | C3: 2 | D3: =_xlfn.TEXTJOIN("_",FALSE,A3,B3,C3,) -> LSS_001_2_ | E3: ซีอิ๊วขาว | F3: Light Soy Sauce | H3: 0 | I3: 0 | K3: 40
A4: =INDEX(Classify!C:C,MATCH(Ingredient!B4,Classify!A:A,0)) -> LSS | B4: 001 | C4: 3 | D4: =_xlfn.TEXTJOIN("_",FALSE,A4,B4,C4,) -> LSS_001_3_ | E4: ซีอิ๊วดำ / ซีอิ๊วหวาน | F4: Dark / Sweet Soy Sauce | H4: 0 | I4: 0 | K4: 30
A5: =INDEX(Classify!C:C,MATCH(Ingredient!B5,Classify!A:A,0)) -> LSS | B5: 001 | C5: 4 | D5: =_xlfn.TEXTJOIN("_",FALSE,A5,B5,C5,) -> LSS_001_4_ | E5: ซอสหอยนางรม | F5: Oyster Sauce | H5: 1 | I5: 0 | K5: 40
A6: =INDEX(Classify!C:C,MATCH(Ingredient!B6,Classify!A:A,0)) -> LSS | B6: 001 | C6: 5 | D6: =_xlfn.TEXTJOIN("_",FALSE,A6,B6,C6,) -> LSS_001_5_ | E6: น้ำส้มสายชู | F6: Vinegar | H6: 1 | I6: 0 | K6: 10
A7: =INDEX(Classify!C:C,MATCH(Ingredient!B7,Classify!A:A,0)) -> LSS | B7: 001 | C7: 6 | D7: =_xlfn.TEXTJOIN("_",FALSE,A7,B7,C7,) -> LSS_001_6_ | E7: ซอสปรุงรสฝาเขียว | F7: Seasoning Sauce | H7: 1 | I7: 0 | K7: 20
A8: =INDEX(Classify!C:C,MATCH(Ingredient!B8,Classify!A:A,0)) -> LSS | B8: 001 | C8: 7 | D8: =_xlfn.TEXTJOIN("_",FALSE,A8,B8,C8,) -> LSS_001_7_ | E8: ซอสญี่ปุ่น | F8: Japanese Soy Sauce | H8: 1 | I8: 0
A9: =INDEX(Classify!C:C,MATCH(Ingredient!B9,Classify!A:A,0)) -> #N/A | C9: 8 | D9: =_xlfn.TEXTJOIN("_",FALSE,A9,B9,C9,) -> #N/A | I9: 1
A10: =INDEX(Classify!C:C,MATCH(Ingredient!B10,Classify!A:A,0)) -> DSS | B10: 002 | C10: 9 | D10: =_xlfn.TEXTJOIN("_",FALSE,A10,B10,C10,) -> DSS_002_9_ | E10: น้ำตาลทราย | F10: Sugar | H10: 1 | I10: 0
A11: =INDEX(Classify!C:C,MATCH(Ingredient!B11,Classify!A:A,0)) -> DSS | B11: 002 | C11: 10 | D11: =_xlfn.TEXTJOIN("_",FALSE,A11,B11,C11,) -> DSS_002_10_ | E11: น้ำตาลปี๊บ / น้ำตาลมะพร้าว | F11: Palm Sugar | H11: 1 | I11: 0
A12: =INDEX(Classify!C:C,MATCH(Ingredient!B12,Classify!A:A,0)) -> DSS | B12: 002 | C12: 11 | D12: =_xlfn.TEXTJOIN("_",FALSE,A12,B12,C12,) -> DSS_002_11_ | E12: น้ำตาลกรวด | F12: Rock Sugar | H12: 1 | I12: 0
A13: =INDEX(Classify!C:C,MATCH(Ingredient!B13,Classify!A:A,0)) -> DSS | B13: 002 | C13: 12 | D13: =_xlfn.TEXTJOIN("_",FALSE,A13,B13,C13,) -> DSS_002_12_ | E13: น้ำตาลทรายแดง | F13: Brown Sugar | H13: 0 | I13: 0
A14: =INDEX(Classify!C:C,MATCH(Ingredient!B14,Classify!A:A,0)) -> DSS | B14: 002 | C14: 13 | D14: =_xlfn.TEXTJOIN("_",FALSE,A14,B14,C14,) -> DSS_002_13_ | E14: เกลือ | F14: Salt | H14: 1 | I14: 5
A15: =INDEX(Classify!C:C,MATCH(Ingredient!B15,Classify!A:A,0)) -> DSS | B15: 002 | C15: 14 | D15: =_xlfn.TEXTJOIN("_",FALSE,A15,B15,C15,) -> DSS_002_14_ | E15: ผงชูรส | F15: MSG | H15: 0 | I15: 0
A16: =INDEX(Classify!C:C,MATCH(Ingredient!B16,Classify!A:A,0)) -> DSS | B16: 002 | C16: 15 | D16: =_xlfn.TEXTJOIN("_",FALSE,A16,B16,C16,) -> DSS_002_15_ | E16: ผงปรุงรสหมู/ไก่ | F16: Bouillon Powder | H16: 1 | I16: 1
A17: =INDEX(Classify!C:C,MATCH(Ingredient!B17,Classify!A:A,0)) -> DSS | B17: 002 | C17: 16 | D17: =_xlfn.TEXTJOIN("_",FALSE,A17,B17,C17,) -> DSS_002_16_ | E17: ผงพะโล้ | F17: Five-Spice Powder | H17: 0 | I17: 0
A18: =INDEX(Classify!C:C,MATCH(Ingredient!B18,Classify!A:A,0)) -> #N/A | C18: 17 | D18: =_xlfn.TEXTJOIN("_",FALSE,A18,B18,C18,) -> #N/A | I18: 1
A19: =INDEX(Classify!C:C,MATCH(Ingredient!B19,Classify!A:A,0)) -> FHB | B19: 003 | C19: 18 | D19: =_xlfn.TEXTJOIN("_",FALSE,A19,B19,C19,) -> FHB_003_18_ | E19: กระเทียม | F19: Garlic | H19: 1 | I19: 8
A20: =INDEX(Classify!C:C,MATCH(Ingredient!B20,Classify!A:A,0)) -> FHB | B20: 003 | C20: 19 | D20: =_xlfn.TEXTJOIN("_",FALSE,A20,B20,C20,) -> FHB_003_19_ | E20: หอมแดง | F20: Shallot | H20: 1 | I20: 4
A21: =INDEX(Classify!C:C,MATCH(Ingredient!B21,Classify!A:A,0)) -> FHB | B21: 003 | C21: 20 | D21: =_xlfn.TEXTJOIN("_",FALSE,A21,B21,C21,) -> FHB_003_20_ | E21: พริกขี้หนู / พริกจินดา | F21: Chili | H21: 1 | I21: 0
A22: =INDEX(Classify!C:C,MATCH(Ingredient!B22,Classify!A:A,0)) -> FHB | B22: 003 | C22: 21 | D22: =_xlfn.TEXTJOIN("_",FALSE,A22,B22,C22,) -> FHB_003_21_ | E22: ข่า | F22: Galangal | I22: 1
A23: =INDEX(Classify!C:C,MATCH(Ingredient!B23,Classify!A:A,0)) -> FHB | B23: 003 | C23: 22 | D23: =_xlfn.TEXTJOIN("_",FALSE,A23,B23,C23,) -> FHB_003_22_ | E23: ตะไคร้ | F23: Lemongrass | I23: 1
A24: =INDEX(Classify!C:C,MATCH(Ingredient!B24,Classify!A:A,0)) -> FHB | B24: 003 | C24: 23 | D24: =_xlfn.TEXTJOIN("_",FALSE,A24,B24,C24,) -> FHB_003_23_ | E24: ใบมะกรูด | F24: Kaffir Lime Leaves | I24: 1
A25: =INDEX(Classify!C:C,MATCH(Ingredient!B25,Classify!A:A,0)) -> FHB | B25: 003 | C25: 24 | D25: =_xlfn.TEXTJOIN("_",FALSE,A25,B25,C25,) -> FHB_003_24_ | E25: รากผักชี / ผักชี | F25: Coriander Root / Cilantro | I25: 1
A26: =INDEX(Classify!C:C,MATCH(Ingredient!B26,Classify!A:A,0)) -> FHB | B26: 003 | C26: 25 | D26: =_xlfn.TEXTJOIN("_",FALSE,A26,B26,C26,) -> FHB_003_25_ | E26: กะเพรา | F26: Holy Basil | I26: 1
A27: =INDEX(Classify!C:C,MATCH(Ingredient!B27,Classify!A:A,0)) -> FHB | B27: 003 | C27: 26 | D27: =_xlfn.TEXTJOIN("_",FALSE,A27,B27,C27,) -> FHB_003_26_ | E27: โหระพา | F27: Thai Basil | I27: 0
A28: =INDEX(Classify!C:C,MATCH(Ingredient!B28,Classify!A:A,0)) -> FHB | B28: 003 | C28: 27 | D28: =_xlfn.TEXTJOIN("_",FALSE,A28,B28,C28,) -> FHB_003_27_ | E28: มะนาว | F28: Lime | I28: 1
A29: =INDEX(Classify!C:C,MATCH(Ingredient!B29,Classify!A:A,0)) -> #N/A | C29: 28 | D29: =_xlfn.TEXTJOIN("_",FALSE,A29,B29,C29,) -> #N/A | I29: 1
A30: =INDEX(Classify!C:C,MATCH(Ingredient!B30,Classify!A:A,0)) -> DHB | B30: 004 | C30: 29 | D30: =_xlfn.TEXTJOIN("_",FALSE,A30,B30,C30,) -> DHB_004_29_ | E30: พริกไทยเม็ดขาว/ดำ | F30: White/Black Peppercorns | H30: 1 | I30: 0
A31: =INDEX(Classify!C:C,MATCH(Ingredient!B31,Classify!A:A,0)) -> DHB | B31: 004 | C31: 30 | D31: =_xlfn.TEXTJOIN("_",FALSE,A31,B31,C31,) -> DHB_004_30_ | E31: พริกแห้ง | F31: Dried Chili | I31: 1
A32: =INDEX(Classify!C:C,MATCH(Ingredient!B32,Classify!A:A,0)) -> DHB | B32: 004 | C32: 31 | D32: =_xlfn.TEXTJOIN("_",FALSE,A32,B32,C32,) -> DHB_004_31_ | E32: พริกป่น | F32: Chili Powder | H32: 1 | I32: 0
A33: =INDEX(Classify!C:C,MATCH(Ingredient!B33,Classify!A:A,0)) -> DHB | B33: 004 | C33: 32 | D33: =_xlfn.TEXTJOIN("_",FALSE,A33,B33,C33,) -> DHB_004_32_ | E33: กะปิ | F33: Shrimp Paste | H33: 0 | I33: 0
A34: =INDEX(Classify!C:C,MATCH(Ingredient!B34,Classify!A:A,0)) -> DHB | B34: 004 | C34: 33 | D34: =_xlfn.TEXTJOIN("_",FALSE,A34,B34,C34,) -> DHB_004_33_ | E34: มะขามเปียก | F34: Tamarind Paste | I34: 1
A35: =INDEX(Classify!C:C,MATCH(Ingredient!B35,Classify!A:A,0)) -> #N/A | C35: 34 | D35: =_xlfn.TEXTJOIN("_",FALSE,A35,B35,C35,) -> #N/A | I35: 1
A36: =INDEX(Classify!C:C,MATCH(Ingredient!B36,Classify!A:A,0)) -> OLF | B36: 005 | C36: 35 | D36: =_xlfn.TEXTJOIN("_",FALSE,A36,B36,C36,) -> OLF_005_35_ | E36: น้ำมันพืช | F36: Vegetable Oil - สำหรับผัด/ทอดทั่วไป | H36: 1 | I36: 0
A37: =INDEX(Classify!C:C,MATCH(Ingredient!B37,Classify!A:A,0)) -> OLF | B37: 005 | C37: 36 | D37: =_xlfn.TEXTJOIN("_",FALSE,A37,B37,C37,) -> OLF_005_36_ | E37: น้ำมันหมู | F37: Lard | H37: 1 | I37: 0
A38: =INDEX(Classify!C:C,MATCH(Ingredient!B38,Classify!A:A,0)) -> OLF | B38: 005 | C38: 37 | D38: =_xlfn.TEXTJOIN("_",FALSE,A38,B38,C38,) -> OLF_005_37_ | E38: กะทิ | F38: Coconut Milk - ทั้งแบบกล่องและคั้นสด | H38: 0 | I38: 0
A39: =INDEX(Classify!C:C,MATCH(Ingredient!B39,Classify!A:A,0)) -> #N/A | C39: 38 | D39: =_xlfn.TEXTJOIN("_",FALSE,A39,B39,C39,) -> #N/A | I39: 1
A40: =INDEX(Classify!C:C,MATCH(Ingredient!B40,Classify!A:A,0)) -> FLO | B40: 006 | C40: 39 | D40: =_xlfn.TEXTJOIN("_",FALSE,A40,B40,C40,) -> FLO_006_39_ | E40: แป้งมันสำปะหลัง | F40: Tapioca Starch | H40: 1 | I40: 0
A41: =INDEX(Classify!C:C,MATCH(Ingredient!B41,Classify!A:A,0)) -> FLO | B41: 006 | C41: 40 | D41: =_xlfn.TEXTJOIN("_",FALSE,A41,B41,C41,) -> FLO_006_40_ | E41: แป้งข้าวเจ้า | F41: Rice Flour | H41: 1 | I41: 0
A42: =INDEX(Classify!C:C,MATCH(Ingredient!B42,Classify!A:A,0)) -> FLO | B42: 006 | C42: 41 | D42: =_xlfn.TEXTJOIN("_",FALSE,A42,B42,C42,) -> FLO_006_41_ | E42: แป้งทอดกรอบ | F42: Crispy Frying Flour | H42: 1 | I42: 0
A43: =INDEX(Classify!C:C,MATCH(Ingredient!B43,Classify!A:A,0)) -> FLO | B43: 006 | C43: 42 | D43: =_xlfn.TEXTJOIN("_",FALSE,A43,B43,C43,) -> FLO_006_42_ | E43: ข้าวคั่ว | F43: Toasted Rice Powder | H43: 0 | I43: 0
A44: =INDEX(Classify!C:C,MATCH(Ingredient!B44,Classify!A:A,0)) -> #N/A | C44: 43 | D44: =_xlfn.TEXTJOIN("_",FALSE,A44,B44,C44,) -> #N/A | I44: 1
A45: =INDEX(Classify!C:C,MATCH(Ingredient!B45,Classify!A:A,0)) -> MET | B45: 007 | C45: 44 | D45: =_xlfn.TEXTJOIN("_",FALSE,A45,B45,C45,) -> MET_007_44_ | E45: หมูสับ | H45: 1 | I45: 2
A46: =INDEX(Classify!C:C,MATCH(Ingredient!B46,Classify!A:A,0)) -> MET | B46: 007 | C46: 45 | D46: =_xlfn.TEXTJOIN("_",FALSE,A46,B46,C46,) -> MET_007_45_ | E46: หมูหั่นชิ้น | I46: 0
A47: =INDEX(Classify!C:C,MATCH(Ingredient!B47,Classify!A:A,0)) -> MET | B47: 007 | C47: 46 | D47: =_xlfn.TEXTJOIN("_",FALSE,A47,B47,C47,) -> MET_007_46_ | E47: หมูสามชั้น | I47: 0
A48: =INDEX(Classify!C:C,MATCH(Ingredient!B48,Classify!A:A,0)) -> MET | B48: 007 | C48: 47 | D48: =_xlfn.TEXTJOIN("_",FALSE,A48,B48,C48,) -> MET_007_47_ | E48: อกไก่ | I48: 0
A49: =INDEX(Classify!C:C,MATCH(Ingredient!B49,Classify!A:A,0)) -> MET | B49: 007 | C49: 48 | D49: =_xlfn.TEXTJOIN("_",FALSE,A49,B49,C49,) -> MET_007_48_ | E49: น่องไก่ | H49: 3 | I49: 2
A50: =INDEX(Classify!C:C,MATCH(Ingredient!B50,Classify!A:A,0)) -> MET | B50: 007 | C50: 49 | D50: =_xlfn.TEXTJOIN("_",FALSE,A50,B50,C50,) -> MET_007_49_ | E50: สะโพกไก่ | I50: 2
A51: =INDEX(Classify!C:C,MATCH(Ingredient!B51,Classify!A:A,0)) -> MET | B51: 007 | C51: 50 | D51: =_xlfn.TEXTJOIN("_",FALSE,A51,B51,C51,) -> MET_007_50_ | E51: กุ้ง | I51: 0
A52: =INDEX(Classify!C:C,MATCH(Ingredient!B52,Classify!A:A,0)) -> MET | B52: 007 | C52: 51 | D52: =_xlfn.TEXTJOIN("_",FALSE,A52,B52,C52,) -> MET_007_51_ | E52: ปลานิล | I52: 0
A53: =INDEX(Classify!C:C,MATCH(Ingredient!B53,Classify!A:A,0)) -> MET | B53: 007 | C53: 52 | D53: =_xlfn.TEXTJOIN("_",FALSE,A53,B53,C53,) -> MET_007_52_ | E53: ไข่ | F53: egg | I53: 8
A54: =INDEX(Classify!C:C,MATCH(Ingredient!B54,Classify!A:A,0)) -> MET | B54: 007 | C54: 53 | D54: =_xlfn.TEXTJOIN("_",FALSE,A54,B54,C54,) -> MET_007_53_ | E54: เต้าหู้หลอด | I54: 0
A55: =INDEX(Classify!C:C,MATCH(Ingredient!B55,Classify!A:A,0)) -> MET | B55: 007 | C55: 54 | D55: =_xlfn.TEXTJOIN("_",FALSE,A55,B55,C55,) -> MET_007_54_ | E55: เต้าหู้แผ่น | I55: 1
A56: =INDEX(Classify!C:C,MATCH(Ingredient!B56,Classify!A:A,0)) -> #N/A | C56: 55 | D56: =_xlfn.TEXTJOIN("_",FALSE,A56,B56,C56,) -> #N/A | I56: 1
A57: =INDEX(Classify!C:C,MATCH(Ingredient!B57,Classify!A:A,0)) -> VET | B57: 008 | C57: 56 | D57: =_xlfn.TEXTJOIN("_",FALSE,A57,B57,C57,) -> VET_008_56_ | E57: ผักบุ้ง | I57: 1
A58: =INDEX(Classify!C:C,MATCH(Ingredient!B58,Classify!A:A,0)) -> VET | B58: 008 | C58: 57 | D58: =_xlfn.TEXTJOIN("_",FALSE,A58,B58,C58,) -> VET_008_57_ | E58: กะหล่ำปลี | H58: 1 | I58: 0
A59: =INDEX(Classify!C:C,MATCH(Ingredient!B59,Classify!A:A,0)) -> VET | B59: 008 | C59: 58 | D59: =_xlfn.TEXTJOIN("_",FALSE,A59,B59,C59,) -> VET_008_58_ | E59: แครอท | H59: 1 | I59: 1
A60: =INDEX(Classify!C:C,MATCH(Ingredient!B60,Classify!A:A,0)) -> VET | B60: 008 | C60: 59 | D60: =_xlfn.TEXTJOIN("_",FALSE,A60,B60,C60,) -> VET_008_59_ | E60: แตงกวา | I60: 5
A61: =INDEX(Classify!C:C,MATCH(Ingredient!B61,Classify!A:A,0)) -> VET | B61: 008 | C61: 60 | D61: =_xlfn.TEXTJOIN("_",FALSE,A61,B61,C61,) -> VET_008_60_ | E61: ต้นหอม | I61: 1
A62: =INDEX(Classify!C:C,MATCH(Ingredient!B62,Classify!A:A,0)) -> VET | B62: 008 | C62: 61 | D62: =_xlfn.TEXTJOIN("_",FALSE,A62,B62,C62,) -> VET_008_61_ | E62: ผักชี | I62: 1
A63: =INDEX(Classify!C:C,MATCH(Ingredient!B63,Classify!A:A,0)) -> VET | B63: 008 | C63: 62 | D63: =_xlfn.TEXTJOIN("_",FALSE,A63,B63,C63,) -> VET_008_62_ | E63: ขึ้นฉ่าย | I63: 1
A64: =INDEX(Classify!C:C,MATCH(Ingredient!B64,Classify!A:A,0)) -> VET | B64: 008 | C64: 63 | D64: =_xlfn.TEXTJOIN("_",FALSE,A64,B64,C64,) -> VET_008_63_ | E64: หอมใหญ่ | H64: 1 | I64: 0
A65: =INDEX(Classify!C:C,MATCH(Ingredient!B65,Classify!A:A,0)) -> VET | B65: 008 | C65: 64 | D65: =_xlfn.TEXTJOIN("_",FALSE,A65,B65,C65,) -> VET_008_64_ | E65: กระชาย | I65: 1
A66: =INDEX(Classify!C:C,MATCH(Ingredient!B66,Classify!A:A,0)) -> VET | B66: 008 | C66: 65 | D66: =_xlfn.TEXTJOIN("_",FALSE,A66,B66,C66,) -> VET_008_65_ | E66: มะเขือเทศ | I66: 3
A67: =INDEX(Classify!C:C,MATCH(Ingredient!B67,Classify!A:A,0)) -> VET | B67: 008 | C67: 66 | D67: =_xlfn.TEXTJOIN("_",FALSE,A67,B67,C67,) -> VET_008_66_ | E67: มะเขือเปราะ | I67: 0
A68: =INDEX(Classify!C:C,MATCH(Ingredient!B68,Classify!A:A,0)) -> VET | B68: 008 | C68: 67 | D68: =_xlfn.TEXTJOIN("_",FALSE,A68,B68,C68,) -> VET_008_67_ | E68: มะเขือยาว | I68: 1
A69: =INDEX(Classify!C:C,MATCH(Ingredient!B69,Classify!A:A,0)) -> VET | B69: 008 | C69: 68 | D69: =_xlfn.TEXTJOIN("_",FALSE,A69,B69,C69,) -> VET_008_68_ | E69: ฟักทอง | I69: 0
A70: =INDEX(Classify!C:C,MATCH(Ingredient!B70,Classify!A:A,0)) -> VET | B70: 008 | C70: 69 | D70: =_xlfn.TEXTJOIN("_",FALSE,A70,B70,C70,) -> VET_008_69_ | E70: ขิง | I70: 0
A71: =INDEX(Classify!C:C,MATCH(Ingredient!B71,Classify!A:A,0)) -> VET | B71: 008 | C71: 70 | D71: =_xlfn.TEXTJOIN("_",FALSE,A71,B71,C71,) -> VET_008_70_ | E71: เห็ด | I71: 0
C72: 71 | I72: 1
A73: =INDEX(Classify!C:C,MATCH(Ingredient!B73,Classify!A:A,0)) -> #N/A | C73: 72 | D73: =_xlfn.TEXTJOIN("_",FALSE,A73,B73,C73,) -> #N/A | I73: 1
A74: =INDEX(Classify!C:C,MATCH(Ingredient!B74,Classify!A:A,0)) -> RCE | B74: 009 | C74: 73 | D74: =_xlfn.TEXTJOIN("_",FALSE,A74,B74,C74,) -> RCE_009_73_ | E74: ข้าวสาร | H74: 1 | I74: 1
A75: =INDEX(Classify!C:C,MATCH(Ingredient!B75,Classify!A:A,0)) -> RCE | B75: 009 | C75: 74 | D75: =_xlfn.TEXTJOIN("_",FALSE,A75,B75,C75,) -> RCE_009_74_ | E75: เส้นเล็ก | I75: 1
A76: =INDEX(Classify!C:C,MATCH(Ingredient!B76,Classify!A:A,0)) -> RCE | B76: 009 | C76: 75 | D76: =_xlfn.TEXTJOIN("_",FALSE,A76,B76,C76,) -> RCE_009_75_ | E76: เส้นหมี่แห้ง | I76: 1
A77: =INDEX(Classify!C:C,MATCH(Ingredient!B77,Classify!A:A,0)) -> RCE | B77: 009 | C77: 76 | D77: =_xlfn.TEXTJOIN("_",FALSE,A77,B77,C77,) -> RCE_009_76_ | E77: วุ้นเส้น | I77: 1
A78: =INDEX(Classify!C:C,MATCH(Ingredient!B78,Classify!A:A,0)) -> RCE | B78: 009 | C78: 77 | D78: =_xlfn.TEXTJOIN("_",FALSE,A78,B78,C78,) -> RCE_009_77_ | E78: เส้นบะหมี่ | I78: 1
A79: =INDEX(Classify!C:C,MATCH(Ingredient!B79,Classify!A:A,0)) -> RCE | B79: 009 | C79: 78 | D79: =_xlfn.TEXTJOIN("_",FALSE,A79,B79,C79,) -> RCE_009_78_ | E79: เส้นผัดไทย | I79: 1
A80: =INDEX(Classify!C:C,MATCH(Ingredient!B80,Classify!A:A,0)) -> RCE | B80: 009 | C80: 79 | D80: =_xlfn.TEXTJOIN("_",FALSE,A80,B80,C80,) -> RCE_009_79_ | E80: บะหมี่กึ่งสำเร็จรูป | I80: 3
A81: =INDEX(Classify!C:C,MATCH(Ingredient!B81,Classify!A:A,0)) -> #N/A | C81: 80 | D81: =_xlfn.TEXTJOIN("_",FALSE,A81,B81,C81,) -> #N/A | I81: 1
A82: =INDEX(Classify!C:C,MATCH(Ingredient!B82,Classify!A:A,0)) -> CUR | B82: 010 | C82: 81 | D82: =_xlfn.TEXTJOIN("_",FALSE,A82,B82,C82,) -> CUR_010_81_ | E82: พริกแกงเผ็ด / แกงคั่ว | I82: 1
A83: =INDEX(Classify!C:C,MATCH(Ingredient!B83,Classify!A:A,0)) -> CUR | B83: 010 | C83: 82 | D83: =_xlfn.TEXTJOIN("_",FALSE,A83,B83,C83,) -> CUR_010_82_ | E83: พริกแกงเขียวหวาน | I83: 0
A84: =INDEX(Classify!C:C,MATCH(Ingredient!B84,Classify!A:A,0)) -> CUR | B84: 010 | C84: 83 | D84: =_xlfn.TEXTJOIN("_",FALSE,A84,B84,C84,) -> CUR_010_83_ | E84: พริกแกงส้ม | I84: 0
A85: =INDEX(Classify!C:C,MATCH(Ingredient!B85,Classify!A:A,0)) -> CUR | B85: 010 | C85: 84 | D85: =_xlfn.TEXTJOIN("_",FALSE,A85,B85,C85,) -> CUR_010_84_ | E85: น้ำพริกเผา | I85: 0

Sheet Unit

Sheet Classify
A1: 001 | B1: เครื่องปรุงรสของเหลว (Liquid Seasonings) | C1: LSS
A2: 002 | B2: เครื่องปรุงรสของแห้งและผง (Dry Seasonings & Powders) | C2: DSS
A3: 003 | B3: สมุนไพรและเครื่องเทศสด (Fresh Herbs & Spices) | C3: FHB
A4: 004 | B4: เครื่องเทศแห้ง (Dry Spices) | C4: DHB
A5: 005 | B5: น้ำมันและไขมัน (Oils & Fats) | C5: OLF
A6: 006 | B6: แป้งและส่วนผสมแห้ง (Flour & Dry Ingredients) | C6: FLO
A7: 007 | B7: เนื้อสัตว์และโปรตีนหลัก (Meat & Proteins) | C7: MET
A8: 008 | B8: ผักสดพื้นฐาน (Everyday Vegetables) | C8: VET
A9: 009 | B9: ข้าวและเส้น (Rice & Noodles) | C9: RCE
A10: 010 | B10: เครื่องแกงสำเร็จรูป (Ready-made Curry Pastes) | C10: CUR
